repository name,repository URL,whether it is a fork,upstream/original repository if available,last updated date,visibility,whether there appear to be unique commits or meaningful changes by me,"whether there are signs of portfolio value, learning value, or contribution value",recommendation,short reason for the recommendation
A2A-MCP-ADK-Integration,https://github.com/Ibraheemolasupogit/A2A-MCP-ADK-Integration,Yes,https://github.com/Ashwinikumar1/A2A-MCP-ADK-Integration,2025-07-23T03:52:18Z,public,No obvious unique commits from public metadata,portfolio/reference,KEEP,Shows portfolio/reference value; preserve unless a manual review finds it duplicated elsewhere.
ab-testing-at-edge,https://github.com/Ibraheemolasupogit/ab-testing-at-edge,Yes,https://github.com/aws-samples/ab-testing-at-edge,2025-07-23T06:48:54Z,public,No obvious unique commits from public metadata,portfolio/reference,KEEP,Shows portfolio/reference value; preserve unless a manual review finds it duplicated elsewhere.
academicpages.github.io,https://github.com/Ibraheemolasupogit/academicpages.github.io,Yes,https://github.com/academicpages/academicpages.github.io,2025-08-29T09:35:52Z,public,No obvious unique commits from public metadata,portfolio/reference,KEEP,Shows portfolio/reference value; preserve unless a manual review finds it duplicated elsewhere.
Accelerate-Agentic-AI-DW-200-Agentic,https://github.com/Ibraheemolasupogit/Accelerate-Agentic-AI-DW-200-Agentic,Yes,https://github.com/Cloud-Authority/Accelerate-Agentic-AI,2026-05-03T22:23:30Z,public,No obvious unique commits from public metadata,portfolio/reference,KEEP,Shows portfolio/reference value; preserve unless a manual review finds it duplicated elsewhere.
Accident-and-Emergency-A-E-Forecasting,https://github.com/Ibraheemolasupogit/Accident-and-Emergency-A-E-Forecasting,Yes,https://github.com/facebook/prophet,2025-06-30T14:59:41Z,public,No obvious unique commits from public metadata,portfolio/reference,KEEP,Shows portfolio/reference value; preserve unless a manual review finds it duplicated elsewhere.
agent-framework,https://github.com/Ibraheemolasupogit/agent-framework,Yes,https://github.com/microsoft/agent-framework,2025-10-10T07:39:15Z,public,Possible: fork branch has pushes at/after fork creation; could be user work or a sync,portfolio/reference; contribution/reference,KEEP,Shows portfolio/reference; contribution/reference value; preserve unless a manual review finds it duplicated elsewhere.
agent-innovator-lab,https://github.com/Ibraheemolasupogit/agent-innovator-lab,Yes,https://github.com/Azure/agent-innovator-lab,2025-08-07T13:42:38Z,public,No obvious unique commits from public metadata,portfolio/reference; learning,KEEP,Shows portfolio/reference; learning value; preserve unless a manual review finds it duplicated elsewhere.
agentic-ai-lab-foundry,https://github.com/Ibraheemolasupogit/agentic-ai-lab-foundry,Yes,https://github.com/microsoft/agentic-ai-lab,2026-03-10T15:21:38Z,public,No obvious unique commits from public metadata,portfolio/reference; learning,KEEP,Shows portfolio/reference; learning value; preserve unless a manual review finds it duplicated elsewhere.
AI-102-AIEngineer,https://github.com/Ibraheemolasupogit/AI-102-AIEngineer,Yes,https://github.com/MicrosoftLearning/AI-102-AIEngineer,2025-07-29T23:02:10Z,public,No obvious unique commits from public metadata,portfolio/reference; learning,KEEP,Shows portfolio/reference; learning value; preserve unless a manual review finds it duplicated elsewhere.
ai-agents-for-beginners,https://github.com/Ibraheemolasupogit/ai-agents-for-beginners,Yes,https://github.com/microsoft/ai-agents-for-beginners,2025-08-07T13:37:35Z,public,No obvious unique commits from public metadata,portfolio/reference,KEEP,Shows portfolio/reference value; preserve unless a manual review finds it duplicated elsewhere.
AI-For-Beginners,https://github.com/Ibraheemolasupogit/AI-For-Beginners,Yes,https://github.com/microsoft/AI-For-Beginners,2025-08-13T17:30:23Z,public,No obvious unique commits from public metadata,portfolio/reference,KEEP,Shows portfolio/reference value; preserve unless a manual review finds it duplicated elsewhere.
ai-gov-uk-website,https://github.com/Ibraheemolasupogit/ai-gov-uk-website,Yes,https://github.com/i-dot-ai/ai-gov-uk-website-archive,2025-08-21T10:30:22Z,public,No obvious unique commits from public metadata,portfolio/reference,KEEP,Shows portfolio/reference value; preserve unless a manual review finds it duplicated elsewhere.
ai-infra-cluster-provisioning,https://github.com/Ibraheemolasupogit/ai-infra-cluster-provisioning,Yes,https://github.com/GoogleCloudPlatform/ai-infra-cluster-provisioning,2025-07-23T03:40:36Z,public,No obvious unique commits from public metadata,portfolio/reference,KEEP,Shows portfolio/reference value; preserve unless a manual review finds it duplicated elsewhere.
ai-platform-samples,https://github.com/Ibraheemolasupogit/ai-platform-samples,Yes,https://github.com/GoogleCloudPlatform/ai-platform-samples,2025-07-30T16:14:50Z,public,No obvious unique commits from public metadata,portfolio/reference; learning,KEEP,Shows portfolio/reference; learning value; preserve unless a manual review finds it duplicated elsewhere.
AI-PredictiveMaintenance,https://github.com/Ibraheemolasupogit/AI-PredictiveMaintenance,Yes,https://github.com/Azure/AI-PredictiveMaintenance,2025-07-22T15:09:29Z,public,No obvious unique commits from public metadata,portfolio/reference,KEEP,Shows portfolio/reference value; preserve unless a manual review finds it duplicated elsewhere.
Air-Passenger-Count-Prediction-Aircraft,https://github.com/Ibraheemolasupogit/Air-Passenger-Count-Prediction-Aircraft,Yes,https://github.com/ShravyaD-coder/Air-Passenger-Count-Prediction,2025-08-06T15:50:44Z,public,No obvious unique commits from public metadata,portfolio/reference,KEEP,Shows portfolio/reference value; preserve unless a manual review finds it duplicated elsewhere.
Air-traffic-atdelay-Aircraft,https://github.com/Ibraheemolasupogit/Air-traffic-atdelay-Aircraft,Yes,https://github.com/junzis/atdelay,2025-08-06T15:49:36Z,public,No obvious unique commits from public metadata,portfolio/reference,KEEP,Shows portfolio/reference value; preserve unless a manual review finds it duplicated elsewhere.
ALZ-Bicep,https://github.com/Ibraheemolasupogit/ALZ-Bicep,Yes,https://github.com/Azure/ALZ-Bicep,2025-08-22T21:44:36Z,public,No obvious unique commits from public metadata,portfolio/reference,KEEP,Shows portfolio/reference value; preserve unless a manual review finds it duplicated elsewhere.
amazon-bedrock-agents-healthcare-lifesciences,https://github.com/Ibraheemolasupogit/amazon-bedrock-agents-healthcare-lifesciences,Yes,https://github.com/aws-samples/amazon-bedrock-agents-healthcare-lifesciences,2025-07-11T10:00:13Z,public,No obvious unique commits from public metadata,portfolio/reference,KEEP,Shows portfolio/reference value; preserve unless a manual review finds it duplicated elsewhere.
amazon-bedrock-rag,https://github.com/Ibraheemolasupogit/amazon-bedrock-rag,Yes,https://github.com/aws-samples/amazon-bedrock-rag,2025-12-15T19:38:52Z,public,No obvious unique commits from public metadata,portfolio/reference,KEEP,Shows portfolio/reference value; preserve unless a manual review finds it duplicated elsewhere.
amazon-bedrock-samples,https://github.com/Ibraheemolasupogit/amazon-bedrock-samples,Yes,https://github.com/aws-samples/amazon-bedrock-samples,2025-07-11T10:07:21Z,public,No obvious unique commits from public metadata,portfolio/reference; learning,KEEP,Shows portfolio/reference; learning value; preserve unless a manual review finds it duplicated elsewhere.
amazon-codewhisperer-workshop,https://github.com/Ibraheemolasupogit/amazon-codewhisperer-workshop,Yes,https://github.com/aws-samples/amazon-codewhisperer-workshop,2025-07-20T04:51:26Z,public,No obvious unique commits from public metadata,portfolio/reference; learning,KEEP,Shows portfolio/reference; learning value; preserve unless a manual review finds it duplicated elsewhere.
amazon-dynamodb-labs,https://github.com/Ibraheemolasupogit/amazon-dynamodb-labs,Yes,https://github.com/aws-samples/amazon-dynamodb-labs,2025-07-10T02:01:59Z,public,No obvious unique commits from public metadata,portfolio/reference; learning,KEEP,Shows portfolio/reference; learning value; preserve unless a manual review finds it duplicated elsewhere.
amazon-ec2-nice-dcv-semiconductor-wafer-data_MATLAB,https://github.com/Ibraheemolasupogit/amazon-ec2-nice-dcv-semiconductor-wafer-data_MATLAB,Yes,https://github.com/aws-samples/amazon-ec2-nice-dcv-semiconductor-wafer-data,2025-07-23T22:38:20Z,public,No obvious unique commits from public metadata,portfolio/reference,KEEP,Shows portfolio/reference value; preserve unless a manual review finds it duplicated elsewhere.
amazon-mlops-example-tensorflow,https://github.com/Ibraheemolasupogit/amazon-mlops-example-tensorflow,Yes,https://github.com/aws-samples/amazon-mlops-example-tensorflow,2025-08-31T17:33:50Z,public,Possible: fork branch has pushes at/after fork creation; could be user work or a sync,portfolio/reference; learning,KEEP,Shows portfolio/reference; learning value; preserve unless a manual review finds it duplicated elsewhere.
amazon-mwaa-examples,https://github.com/Ibraheemolasupogit/amazon-mwaa-examples,Yes,https://github.com/aws-samples/amazon-mwaa-examples,2025-07-09T11:38:15Z,public,No obvious unique commits from public metadata,portfolio/reference; learning; contribution/reference,KEEP,Shows portfolio/reference; learning; contribution/reference value; preserve unless a manual review finds it duplicated elsewhere.
amazon-nova-samples,https://github.com/Ibraheemolasupogit/amazon-nova-samples,Yes,https://github.com/aws-samples/amazon-nova-samples,2025-07-20T08:27:10Z,public,No obvious unique commits from public metadata,portfolio/reference; learning,KEEP,Shows portfolio/reference; learning value; preserve unless a manual review finds it duplicated elsewhere.
amazon-personalize-samples,https://github.com/Ibraheemolasupogit/amazon-personalize-samples,Yes,https://github.com/aws-samples/amazon-personalize-samples,2025-07-19T16:30:10Z,public,No obvious unique commits from public metadata,portfolio/reference; learning,KEEP,Shows portfolio/reference; learning value; preserve unless a manual review finds it duplicated elsewhere.
amazon-redshift-udfs,https://github.com/Ibraheemolasupogit/amazon-redshift-udfs,Yes,https://github.com/aws-samples/amazon-redshift-udfs,2025-07-20T19:31:25Z,public,No obvious unique commits from public metadata,portfolio/reference; learning,KEEP,Shows portfolio/reference; learning value; preserve unless a manual review finds it duplicated elsewhere.
amazon-rekognition-virtual-proctor,https://github.com/Ibraheemolasupogit/amazon-rekognition-virtual-proctor,Yes,https://github.com/aws-samples/amazon-rekognition-virtual-proctor,2025-07-19T16:09:24Z,public,No obvious unique commits from public metadata,portfolio/reference,KEEP,Shows portfolio/reference value; preserve unless a manual review finds it duplicated elsewhere.
amazon-sagemaker-ab-testing-pipeline,https://github.com/Ibraheemolasupogit/amazon-sagemaker-ab-testing-pipeline,Yes,https://github.com/aws-samples/amazon-sagemaker-ab-testing-pipeline,2025-07-23T06:49:18Z,public,No obvious unique commits from public metadata,portfolio/reference,KEEP,Shows portfolio/reference value; preserve unless a manual review finds it duplicated elsewhere.
amazon-sagemaker-examples,https://github.com/Ibraheemolasupogit/amazon-sagemaker-examples,Yes,https://github.com/aws/amazon-sagemaker-examples,2025-12-25T15:13:02Z,public,No obvious unique commits from public metadata,portfolio/reference; learning,KEEP,Shows portfolio/reference; learning value; preserve unless a manual review finds it duplicated elsewhere.
amazon-sagemaker-generativeai,https://github.com/Ibraheemolasupogit/amazon-sagemaker-generativeai,Yes,https://github.com/aws-samples/amazon-sagemaker-generativeai,2025-07-09T13:59:44Z,public,No obvious unique commits from public metadata,portfolio/reference; learning,KEEP,Shows portfolio/reference; learning value; preserve unless a manual review finds it duplicated elsewhere.
amazon-sagemaker-predictive-maintenance,https://github.com/Ibraheemolasupogit/amazon-sagemaker-predictive-maintenance,Yes,https://github.com/aws-samples/amazon-sagemaker-predictive-maintenance,2025-07-22T15:07:24Z,public,No obvious unique commits from public metadata,portfolio/reference,KEEP,Shows portfolio/reference value; preserve unless a manual review finds it duplicated elsewhere.
amazon-textract-textractor,https://github.com/Ibraheemolasupogit/amazon-textract-textractor,Yes,https://github.com/aws-samples/amazon-textract-textractor,2025-07-19T16:12:25Z,public,No obvious unique commits from public metadata,portfolio/reference,KEEP,Shows portfolio/reference value; preserve unless a manual review finds it duplicated elsewhere.
amazon-transcribe-live-call-analytics,https://github.com/Ibraheemolasupogit/amazon-transcribe-live-call-analytics,Yes,https://github.com/aws-samples/amazon-transcribe-live-call-analytics,2025-07-19T16:18:34Z,public,No obvious unique commits from public metadata,portfolio/reference; learning,KEEP,Shows portfolio/reference; learning value; preserve unless a manual review finds it duplicated elsewhere.
Amazon-Translate-document-translation,https://github.com/Ibraheemolasupogit/Amazon-Translate-document-translation,Yes,https://github.com/aws-samples/document-translation,2025-07-19T16:27:47Z,public,No obvious unique commits from public metadata,portfolio/reference; learning,KEEP,Shows portfolio/reference; learning value; preserve unless a manual review finds it duplicated elsewhere.
analytical-data-style-guide-SW,https://github.com/Ibraheemolasupogit/analytical-data-style-guide-SW,Yes,https://github.com/nhsengland/analytical-data-style-guide-SW,2025-08-20T13:54:43Z,public,No obvious unique commits from public metadata,portfolio/reference; learning,KEEP,Shows portfolio/reference; learning value; preserve unless a manual review finds it duplicated elsewhere.
ansible,https://github.com/Ibraheemolasupogit/ansible,Yes,https://github.com/Abdulexcel/ansible,2025-08-11T21:31:00Z,public,Possible: fork branch has pushes at/after fork creation; could be user work or a sync,portfolio/reference,KEEP,Shows portfolio/reference value; preserve unless a manual review finds it duplicated elsewhere.
Apache-airflow,https://github.com/Ibraheemolasupogit/Apache-airflow,Yes,https://github.com/apache/airflow,2025-08-03T18:41:28Z,public,Possible: fork branch has pushes at/after fork creation; could be user work or a sync,portfolio/reference; contribution/reference,KEEP,Shows portfolio/reference; contribution/reference value; preserve unless a manual review finds it duplicated elsewhere.
Apache-arrow,https://github.com/Ibraheemolasupogit/Apache-arrow,Yes,https://github.com/Salimahtechy/Apache-arrow,2025-08-08T18:31:59Z,public,Possible: fork branch has pushes at/after fork creation; could be user work or a sync,portfolio/reference; contribution/reference,KEEP,Shows portfolio/reference; contribution/reference value; preserve unless a manual review finds it duplicated elsewhere.
Apache-flink,https://github.com/Ibraheemolasupogit/Apache-flink,Yes,https://github.com/Salimahtechy/flink,2025-08-07T16:22:07Z,public,Possible: fork branch has pushes at/after fork creation; could be user work or a sync,portfolio/reference; contribution/reference,KEEP,Shows portfolio/reference; contribution/reference value; preserve unless a manual review finds it duplicated elsewhere.
Apache-hadoop,https://github.com/Ibraheemolasupogit/Apache-hadoop,Yes,https://github.com/apache/hadoop,2025-08-06T14:12:04Z,public,No obvious unique commits from public metadata,portfolio/reference; contribution/reference,KEEP,Shows portfolio/reference; contribution/reference value; preserve unless a manual review finds it duplicated elsewhere.
Apache-kafka,https://github.com/Ibraheemolasupogit/Apache-kafka,Yes,https://github.com/apache/kafka,2025-08-06T14:12:59Z,public,No obvious unique commits from public metadata,portfolio/reference; contribution/reference,KEEP,Shows portfolio/reference; contribution/reference value; preserve unless a manual review finds it duplicated elsewhere.
Apache-superset,https://github.com/Ibraheemolasupogit/Apache-superset,Yes,https://github.com/Salimahtechy/superset,2025-08-06T19:21:36Z,public,Possible: fork branch has pushes at/after fork creation; could be user work or a sync,portfolio/reference; contribution/reference,KEEP,Shows portfolio/reference; contribution/reference value; preserve unless a manual review finds it duplicated elsewhere.
AppliedNLPMaterial,https://github.com/Ibraheemolasupogit/AppliedNLPMaterial,Yes,https://github.com/DataScienceHamburg/AppliedNLPMaterial,2025-10-19T04:26:35Z,public,No obvious unique commits from public metadata,portfolio/reference; learning,KEEP,Shows portfolio/reference; learning value; preserve unless a manual review finds it duplicated elsewhere.
au-azure-databricks-cicd,https://github.com/Ibraheemolasupogit/au-azure-databricks-cicd,Yes,https://github.com/nhsx/au-azure-databricks-cicd,2025-08-04T11:34:36Z,public,No obvious unique commits from public metadata,portfolio/reference,KEEP,Shows portfolio/reference value; preserve unless a manual review finds it duplicated elsewhere.
autogen,https://github.com/Ibraheemolasupogit/autogen,Yes,https://github.com/microsoft/autogen,2025-07-31T18:04:03Z,public,No obvious unique commits from public metadata,portfolio/reference; contribution/reference,KEEP,Shows portfolio/reference; contribution/reference value; preserve unless a manual review finds it duplicated elsewhere.
autoscaler,https://github.com/Ibraheemolasupogit/autoscaler,Yes,https://github.com/kubernetes/autoscaler,2025-08-28T15:36:00Z,public,Possible: fork branch has pushes at/after fork creation; could be user work or a sync,portfolio/reference; contribution/reference,KEEP,Shows portfolio/reference; contribution/reference value; preserve unless a manual review finds it duplicated elsewhere.
awesome-ai-agents,https://github.com/Ibraheemolasupogit/awesome-ai-agents,Yes,https://github.com/e2b-dev/awesome-ai-agents,2025-08-07T13:41:12Z,public,No obvious unique commits from public metadata,portfolio/reference,KEEP,Shows portfolio/reference value; preserve unless a manual review finds it duplicated elsewhere.
awesome-ml-for-cybersecurity,https://github.com/Ibraheemolasupogit/awesome-ml-for-cybersecurity,Yes,https://github.com/jivoi/awesome-ml-for-cybersecurity,2025-08-22T21:39:21Z,public,No obvious unique commits from public metadata,portfolio/reference,KEEP,Shows portfolio/reference value; preserve unless a manual review finds it duplicated elsewhere.
aws-fraud-detector-samples,https://github.com/Ibraheemolasupogit/aws-fraud-detector-samples,Yes,https://github.com/aws-samples/aws-fraud-detector-samples,2025-07-19T16:20:21Z,public,No obvious unique commits from public metadata,portfolio/reference; learning,KEEP,Shows portfolio/reference; learning value; preserve unless a manual review finds it duplicated elsewhere.
aws-lex-web-ui,https://github.com/Ibraheemolasupogit/aws-lex-web-ui,Yes,https://github.com/aws-samples/aws-lex-web-ui,2025-07-19T16:13:23Z,public,No obvious unique commits from public metadata,portfolio/reference; learning,KEEP,Shows portfolio/reference; learning value; preserve unless a manual review finds it duplicated elsewhere.
aws-machine-learning-university-accelerated-nlp,https://github.com/Ibraheemolasupogit/aws-machine-learning-university-accelerated-nlp,Yes,https://github.com/aws-samples/aws-machine-learning-university-accelerated-nlp,2025-07-20T01:16:13Z,public,No obvious unique commits from public metadata,portfolio/reference,KEEP,Shows portfolio/reference value; preserve unless a manual review finds it duplicated elsewhere.
aws-machine-learning-university-Decision-Trees-and-Ensemble-Methods-Class,https://github.com/Ibraheemolasupogit/aws-machine-learning-university-Decision-Trees-and-Ensemble-Methods-Class,Yes,https://github.com/aws-samples/aws-machine-learning-university-dte,2025-07-23T06:08:08Z,public,Possible: metadata or repository activity changed after fork creation,portfolio/reference,KEEP,Shows portfolio/reference value; preserve unless a manual review finds it duplicated elsewhere.
aws-saa-c03,https://github.com/Ibraheemolasupogit/aws-saa-c03,Yes,https://github.com/vicjor/aws-saa-c03,2025-07-09T11:02:07Z,public,No obvious unique commits from public metadata,portfolio/reference; learning,KEEP,Shows portfolio/reference; learning value; preserve unless a manual review finds it duplicated elsewhere.
aws-serverless-airline-booking,https://github.com/Ibraheemolasupogit/aws-serverless-airline-booking,Yes,https://github.com/aws-samples/aws-serverless-airline-booking,2025-08-06T14:15:25Z,public,No obvious unique commits from public metadata,portfolio/reference; learning,KEEP,Shows portfolio/reference; learning value; preserve unless a manual review finds it duplicated elsewhere.
aws-serverless-nlp-comprehend-using-aws-cdk,https://github.com/Ibraheemolasupogit/aws-serverless-nlp-comprehend-using-aws-cdk,Yes,https://github.com/aws-samples/aws-serverless-nlp-comprehend-using-aws-cdk,2025-07-19T16:26:29Z,public,No obvious unique commits from public metadata,portfolio/reference,KEEP,Shows portfolio/reference value; preserve unless a manual review finds it duplicated elsewhere.
AZ-104-MicrosoftAzureAdministrator,https://github.com/Ibraheemolasupogit/AZ-104-MicrosoftAzureAdministrator,Yes,https://github.com/MicrosoftLearning/AZ-104-MicrosoftAzureAdministrator,2025-06-30T11:07:55Z,public,Possible: fork branch has pushes at/after fork creation; could be user work or a sync,portfolio/reference; learning,KEEP,Shows portfolio/reference; learning value; preserve unless a manual review finds it duplicated elsewhere.
az-2003-deploy-cloud-native-applications-using-azure-container-apps,https://github.com/Ibraheemolasupogit/az-2003-deploy-cloud-native-applications-using-azure-container-apps,Yes,https://github.com/MicrosoftLearning/az-2003-deploy-cloud-native-applications-using-azure-container-apps,2025-11-18T07:46:26Z,public,No obvious unique commits from public metadata,portfolio/reference; learning,KEEP,Shows portfolio/reference; learning value; preserve unless a manual review finds it duplicated elsewhere.
AZ-2006-automate-azure-loadtesting-github-actions,https://github.com/Ibraheemolasupogit/AZ-2006-automate-azure-loadtesting-github-actions,Yes,https://github.com/MicrosoftLearning/AZ-2006-automate-azure-loadtesting-github-actions,2025-07-13T09:26:47Z,public,No obvious unique commits from public metadata,portfolio/reference; learning,KEEP,Shows portfolio/reference; learning value; preserve unless a manual review finds it duplicated elsewhere.
AZ-204-DevelopingSolutionsforMicrosoftAzure-Devops-Prereq,https://github.com/Ibraheemolasupogit/AZ-204-DevelopingSolutionsforMicrosoftAzure-Devops-Prereq,Yes,https://github.com/MicrosoftLearning/AZ-204-DevelopingSolutionsforMicrosoftAzure,2025-08-19T10:18:36Z,public,No obvious unique commits from public metadata,portfolio/reference; learning,KEEP,Shows portfolio/reference; learning value; preserve unless a manual review finds it duplicated elsewhere.
AZ-305-DesigningMicrosoftAzureInfrastructureSolutions,https://github.com/Ibraheemolasupogit/AZ-305-DesigningMicrosoftAzureInfrastructureSolutions,Yes,https://github.com/MicrosoftLearning/AZ-305-DesigningMicrosoftAzureInfrastructureSolutions,2025-08-25T07:24:44Z,public,No obvious unique commits from public metadata,portfolio/reference; learning,KEEP,Shows portfolio/reference; learning value; preserve unless a manual review finds it duplicated elsewhere.
AZ-700-Designing-and-Implementing-Microsoft-Azure-Networking-Solutions,https://github.com/Ibraheemolasupogit/AZ-700-Designing-and-Implementing-Microsoft-Azure-Networking-Solutions,Yes,https://github.com/MicrosoftLearning/AZ-700-Designing-and-Implementing-Microsoft-Azure-Networking-Solutions,2025-09-13T04:36:00Z,public,No obvious unique commits from public metadata,portfolio/reference; learning,KEEP,Shows portfolio/reference; learning value; preserve unless a manual review finds it duplicated elsewhere.
AZ500-AzureSecurityTechnologies,https://github.com/Ibraheemolasupogit/AZ500-AzureSecurityTechnologies,Yes,https://github.com/MicrosoftLearning/AZ500-AzureSecurityTechnologies,2025-09-13T04:43:45Z,public,No obvious unique commits from public metadata,portfolio/reference; learning,KEEP,Shows portfolio/reference; learning value; preserve unless a manual review finds it duplicated elsewhere.
azure-ai-agent-lab,https://github.com/Ibraheemolasupogit/azure-ai-agent-lab,Yes,https://github.com/tayganr/azure-ai-agent-lab,2025-07-29T17:41:50Z,public,No obvious unique commits from public metadata,portfolio/reference; learning,KEEP,Shows portfolio/reference; learning value; preserve unless a manual review finds it duplicated elsewhere.
azure-ai-agents-labs-Agentic-RAG,https://github.com/Ibraheemolasupogit/azure-ai-agents-labs-Agentic-RAG,Yes,https://github.com/Azure/azure-ai-agents-labs,2025-12-02T12:35:26Z,public,No obvious unique commits from public metadata,portfolio/reference; learning,KEEP,Shows portfolio/reference; learning value; preserve unless a manual review finds it duplicated elsewhere.
azure-devops-mcp,https://github.com/Ibraheemolasupogit/azure-devops-mcp,Yes,https://github.com/microsoft/azure-devops-mcp,2025-07-29T22:57:19Z,public,No obvious unique commits from public metadata,portfolio/reference,KEEP,Shows portfolio/reference value; preserve unless a manual review finds it duplicated elsewhere.
Azure-load-testing,https://github.com/Ibraheemolasupogit/Azure-load-testing,Yes,https://github.com/Azure/load-testing,2025-07-24T07:57:57Z,public,No obvious unique commits from public metadata,portfolio/reference; learning,KEEP,Shows portfolio/reference; learning value; preserve unless a manual review finds it duplicated elsewhere.
Azure-Machine-Learning-Practice-GuidesML-Practice-Guides,https://github.com/Ibraheemolasupogit/Azure-Machine-Learning-Practice-GuidesML-Practice-Guides,Yes,https://github.com/nthacker/ML-Practice-Guides,2025-07-02T10:56:03Z,public,No obvious unique commits from public metadata,portfolio/reference,KEEP,Shows portfolio/reference value; preserve unless a manual review finds it duplicated elsewhere.
azure-monitor-baseline-alerts,https://github.com/Ibraheemolasupogit/azure-monitor-baseline-alerts,Yes,https://github.com/Azure/azure-monitor-baseline-alerts,2025-07-31T04:58:59Z,public,No obvious unique commits from public metadata,portfolio/reference,KEEP,Shows portfolio/reference value; preserve unless a manual review finds it duplicated elsewhere.
azure-powershell,https://github.com/Ibraheemolasupogit/azure-powershell,Yes,https://github.com/Azure/azure-powershell,2025-09-13T04:41:56Z,public,Possible: fork branch has pushes at/after fork creation; could be user work or a sync,portfolio/reference,KEEP,Shows portfolio/reference value; preserve unless a manual review finds it duplicated elsewhere.
azure-search-knowledge-mining,https://github.com/Ibraheemolasupogit/azure-search-knowledge-mining,Yes,https://github.com/Azure-Samples/azure-search-knowledge-mining,2025-08-04T04:16:04Z,public,No obvious unique commits from public metadata,portfolio/reference,KEEP,Shows portfolio/reference value; preserve unless a manual review finds it duplicated elsewhere.
Azure-Sentinel,https://github.com/Ibraheemolasupogit/Azure-Sentinel,Yes,https://github.com/Azure/Azure-Sentinel,2025-08-25T06:19:28Z,public,Possible: fork branch has pushes at/after fork creation; could be user work or a sync,portfolio/reference,KEEP,Shows portfolio/reference value; preserve unless a manual review finds it duplicated elsewhere.
azure-service-bus,https://github.com/Ibraheemolasupogit/azure-service-bus,Yes,https://github.com/Azure/azure-service-bus,2025-07-31T04:58:19Z,public,No obvious unique commits from public metadata,portfolio/reference; learning,KEEP,Shows portfolio/reference; learning value; preserve unless a manual review finds it duplicated elsewhere.
azure-service-bus-emulator-installer,https://github.com/Ibraheemolasupogit/azure-service-bus-emulator-installer,Yes,https://github.com/Azure/azure-service-bus-emulator-installer,2025-07-31T04:57:26Z,public,No obvious unique commits from public metadata,portfolio/reference; learning,KEEP,Shows portfolio/reference; learning value; preserve unless a manual review finds it duplicated elsewhere.
azureml-examples,https://github.com/Ibraheemolasupogit/azureml-examples,Yes,https://github.com/Azure/azureml-examples,2025-07-02T11:11:32Z,public,No obvious unique commits from public metadata,portfolio/reference; learning,KEEP,Shows portfolio/reference; learning value; preserve unless a manual review finds it duplicated elsewhere.
bedrock-access-gateway-API,https://github.com/Ibraheemolasupogit/bedrock-access-gateway-API,Yes,https://github.com/aws-samples/bedrock-access-gateway,2025-07-24T07:59:46Z,public,No obvious unique commits from public metadata,portfolio/reference,KEEP,Shows portfolio/reference value; preserve unless a manual review finds it duplicated elsewhere.
bedrock-engineer,https://github.com/Ibraheemolasupogit/bedrock-engineer,Yes,https://github.com/aws-samples/bedrock-engineer,2025-07-20T04:50:32Z,public,Possible: fork branch has pushes at/after fork creation; could be user work or a sync,portfolio/reference,KEEP,Shows portfolio/reference value; preserve unless a manual review finds it duplicated elsewhere.
browser-use,https://github.com/Ibraheemolasupogit/browser-use,Yes,https://github.com/browser-use/browser-use,2025-08-13T17:11:08Z,public,Possible: fork branch has pushes at/after fork creation; could be user work or a sync,portfolio/reference,KEEP,Shows portfolio/reference value; preserve unless a manual review finds it duplicated elsewhere.
Building-and-Deploying-Machine-Learning-Solutions-with-Vertex-AI-Challenge-Lab,https://github.com/Ibraheemolasupogit/Building-and-Deploying-Machine-Learning-Solutions-with-Vertex-AI-Challenge-Lab,Yes,https://github.com/DhruvChaurasia3418/Building-and-Deploying-Machine-Learning-Solutions-with-Vertex-AI-Challenge-Lab,2025-08-27T00:46:29Z,public,No obvious unique commits from public metadata,portfolio/reference; learning,KEEP,Shows portfolio/reference; learning value; preserve unless a manual review finds it duplicated elsewhere.
chocolate-ai,https://github.com/Ibraheemolasupogit/chocolate-ai,Yes,https://github.com/GoogleCloudPlatform/chocolate-ai,2025-07-23T03:57:45Z,public,No obvious unique commits from public metadata,portfolio/reference,KEEP,Shows portfolio/reference value; preserve unless a manual review finds it duplicated elsewhere.
clinical-risk-stratification,https://github.com/Ibraheemolasupogit/clinical-risk-stratification,Yes,https://github.com/AnthonyByansi/clinical-risk-stratification,2025-08-23T17:08:55Z,public,No obvious unique commits from public metadata,portfolio/reference,KEEP,Shows portfolio/reference value; preserve unless a manual review finds it duplicated elsewhere.
Co-Pilot-build-applications-w-copilot-agent-mode,https://github.com/Ibraheemolasupogit/Co-Pilot-build-applications-w-copilot-agent-mode,Yes,https://github.com/skills/build-applications-w-copilot-agent-mode,2025-07-01T10:57:36Z,public,No obvious unique commits from public metadata,portfolio/reference; learning,KEEP,Shows portfolio/reference; learning value; preserve unless a manual review finds it duplicated elsewhere.
community,https://github.com/Ibraheemolasupogit/community,Yes,https://github.com/kubernetes/community,2025-08-28T15:36:21Z,public,No obvious unique commits from public metadata,portfolio/reference; contribution/reference,KEEP,Shows portfolio/reference; contribution/reference value; preserve unless a manual review finds it duplicated elsewhere.
computer-vision-aws-machine-learning-university-accelerated-cv,https://github.com/Ibraheemolasupogit/computer-vision-aws-machine-learning-university-accelerated-cv,Yes,https://github.com/aws-samples/aws-machine-learning-university-accelerated-cv,2025-08-05T17:30:23Z,public,Possible: fork branch has pushes at/after fork creation; could be user work or a sync,portfolio/reference,KEEP,Shows portfolio/reference value; preserve unless a manual review finds it duplicated elsewhere.
Configure-secure-access-to-workloads-with-Azure-virtual-networking-services,https://github.com/Ibraheemolasupogit/Configure-secure-access-to-workloads-with-Azure-virtual-networking-services,Yes,https://github.com/MicrosoftLearning/Configure-secure-access-to-workloads-with-Azure-virtual-networking-services,2025-11-02T18:43:55Z,public,No obvious unique commits from public metadata,portfolio/reference,KEEP,Shows portfolio/reference value; preserve unless a manual review finds it duplicated elsewhere.
configure-siem-security-operations-using-microsoft-sentinel,https://github.com/Ibraheemolasupogit/configure-siem-security-operations-using-microsoft-sentinel,Yes,https://github.com/MicrosoftLearning/configure-siem-security-operations-using-microsoft-sentinel,2025-08-26T08:25:50Z,public,No obvious unique commits from public metadata,portfolio/reference,KEEP,Shows portfolio/reference value; preserve unless a manual review finds it duplicated elsewhere.
configuring-qbusiness-with-idc-tti,https://github.com/Ibraheemolasupogit/configuring-qbusiness-with-idc-tti,Yes,https://github.com/aws-samples/configuring-qbusiness-with-idc-tti,2025-07-20T07:42:39Z,public,No obvious unique commits from public metadata,portfolio/reference; learning,KEEP,Shows portfolio/reference; learning value; preserve unless a manual review finds it duplicated elsewhere.
course-master-big-data-with-pyspark-and-aws-Lex,https://github.com/Ibraheemolasupogit/course-master-big-data-with-pyspark-and-aws-Lex,Yes,https://github.com/AISCIENCES/course-master-big-data-with-pyspark-and-aws,2025-08-04T20:54:35Z,public,No obvious unique commits from public metadata,portfolio/reference; learning,KEEP,Shows portfolio/reference; learning value; preserve unless a manual review finds it duplicated elsewhere.
course-ml-projects,https://github.com/Ibraheemolasupogit/course-ml-projects,Yes,https://github.com/AISCIENCES/course-ml-projects,2025-08-04T21:03:24Z,public,No obvious unique commits from public metadata,portfolio/reference; learning,KEEP,Shows portfolio/reference; learning value; preserve unless a manual review finds it duplicated elsewhere.
Credit-Card-Application-Fraud-Analytics,https://github.com/Ibraheemolasupogit/Credit-Card-Application-Fraud-Analytics,Yes,https://github.com/ZhiyuZhang803/Credit-Card-Application-Fraud-Analytics,2025-09-01T05:40:04Z,public,No obvious unique commits from public metadata,portfolio/reference,KEEP,Shows portfolio/reference value; preserve unless a manual review finds it duplicated elsewhere.
Credit-card-approval-prediction-classification,https://github.com/Ibraheemolasupogit/Credit-card-approval-prediction-classification,Yes,https://github.com/semasuka/Credit-card-approval-prediction-classification,2025-09-01T04:56:25Z,public,No obvious unique commits from public metadata,portfolio/reference,KEEP,Shows portfolio/reference value; preserve unless a manual review finds it duplicated elsewhere.
Credit-Card-Fraud-Detection,https://github.com/Ibraheemolasupogit/Credit-Card-Fraud-Detection,Yes,https://github.com/sagnikghoshcr7/Credit-Card-Fraud-Detection,2025-09-01T05:07:40Z,public,No obvious unique commits from public metadata,portfolio/reference,KEEP,Shows portfolio/reference value; preserve unless a manual review finds it duplicated elsewhere.
Credit-Card-Fraud-Detection-using-Autoencoders-in-Keras,https://github.com/Ibraheemolasupogit/Credit-Card-Fraud-Detection-using-Autoencoders-in-Keras,Yes,https://github.com/curiousily/Credit-Card-Fraud-Detection-using-Autoencoders-in-Keras,2025-09-01T05:12:42Z,public,No obvious unique commits from public metadata,portfolio/reference,KEEP,Shows portfolio/reference value; preserve unless a manual review finds it duplicated elsewhere.
Credit-Risk-Modeling-End-to-End-Project,https://github.com/Ibraheemolasupogit/Credit-Risk-Modeling-End-to-End-Project,Yes,https://github.com/nafiul-araf/Credit-Risk-Modeling-End-to-End-Project,2025-09-01T04:30:26Z,public,No obvious unique commits from public metadata,portfolio/reference,KEEP,Shows portfolio/reference value; preserve unless a manual review finds it duplicated elsewhere.
crewAI,https://github.com/Ibraheemolasupogit/crewAI,Yes,https://github.com/crewAIInc/crewAI,2025-07-31T18:06:27Z,public,No obvious unique commits from public metadata,portfolio/reference; contribution/reference,KEEP,Shows portfolio/reference; contribution/reference value; preserve unless a manual review finds it duplicated elsewhere.
data-analytics-golden-demo,https://github.com/Ibraheemolasupogit/data-analytics-golden-demo,Yes,https://github.com/GoogleCloudPlatform/data-analytics-golden-demo,2025-07-23T03:56:31Z,public,No obvious unique commits from public metadata,portfolio/reference,KEEP,Shows portfolio/reference value; preserve unless a manual review finds it duplicated elsewhere.
data-analytics-services,https://github.com/Ibraheemolasupogit/data-analytics-services,Yes,https://github.com/NHSDigital/data-analytics-services,2025-08-20T13:33:27Z,public,No obvious unique commits from public metadata,portfolio/reference; contribution/reference,KEEP,Shows portfolio/reference; contribution/reference value; preserve unless a manual review finds it duplicated elsewhere.
data-api-builder,https://github.com/Ibraheemolasupogit/data-api-builder,Yes,https://github.com/Azure/data-api-builder,2025-07-23T06:59:24Z,public,No obvious unique commits from public metadata,portfolio/reference,KEEP,Shows portfolio/reference value; preserve unless a manual review finds it duplicated elsewhere.
data-science-ipython-notebooks,https://github.com/Ibraheemolasupogit/data-science-ipython-notebooks,Yes,https://github.com/donnemartin/data-science-ipython-notebooks,2025-08-13T12:10:48Z,public,Possible: fork branch has pushes at/after fork creation; could be user work or a sync,portfolio/reference; learning,KEEP,Shows portfolio/reference; learning value; preserve unless a manual review finds it duplicated elsewhere.
datascience,https://github.com/Ibraheemolasupogit/datascience,Yes,https://github.com/nhsengland/datascience,2025-08-20T13:31:15Z,public,No obvious unique commits from public metadata,portfolio/reference,KEEP,Shows portfolio/reference value; preserve unless a manual review finds it duplicated elsewhere.
Defend-against-cyberthreats-Microsoft-Defender-XDR,https://github.com/Ibraheemolasupogit/Defend-against-cyberthreats-Microsoft-Defender-XDR,Yes,https://github.com/MicrosoftLearning/Defend-against-cyberthreats-Microsoft-Defender-XDR,2025-08-26T08:32:12Z,public,No obvious unique commits from public metadata,portfolio/reference,KEEP,Shows portfolio/reference value; preserve unless a manual review finds it duplicated elsewhere.
Defender-SC-200T00A-Microsoft-Security-Operations-Analyst,https://github.com/Ibraheemolasupogit/Defender-SC-200T00A-Microsoft-Security-Operations-Analyst,Yes,https://github.com/MicrosoftLearning/SC-200T00A-Microsoft-Security-Operations-Analyst,2025-07-13T08:03:03Z,public,No obvious unique commits from public metadata,portfolio/reference; learning,KEEP,Shows portfolio/reference; learning value; preserve unless a manual review finds it duplicated elsewhere.
delta,https://github.com/Ibraheemolasupogit/delta,Yes,https://github.com/delta-io/delta,2025-08-22T21:43:50Z,public,Possible: fork branch has pushes at/after fork creation; could be user work or a sync,contribution/reference,KEEP,Shows contribution/reference value; preserve unless a manual review finds it duplicated elsewhere.
deploy-cloud-functions,https://github.com/Ibraheemolasupogit/deploy-cloud-functions,Yes,https://github.com/google-github-actions/deploy-cloud-functions,2025-07-09T11:48:28Z,public,No obvious unique commits from public metadata,portfolio/reference,KEEP,Shows portfolio/reference value; preserve unless a manual review finds it duplicated elsewhere.
Develop-generative-AI-apps-in-Azures-GenAIOps,https://github.com/Ibraheemolasupogit/Develop-generative-AI-apps-in-Azures-GenAIOps,Yes,https://github.com/MicrosoftLearning/mslearn-genaiops,2025-08-14T17:33:22Z,public,Possible: fork branch has pushes at/after fork creation; could be user work or a sync,portfolio/reference; learning,KEEP,Shows portfolio/reference; learning value; preserve unless a manual review finds it duplicated elsewhere.
Devops-AZ400-DesigningandImplementingMicrosoftDevOpsSolutions,https://github.com/Ibraheemolasupogit/Devops-AZ400-DesigningandImplementingMicrosoftDevOpsSolutions,Yes,https://github.com/MicrosoftLearning/AZ400-DesigningandImplementingMicrosoftDevOpsSolutions,2025-07-13T08:00:33Z,public,No obvious unique commits from public metadata,portfolio/reference; learning,KEEP,Shows portfolio/reference; learning value; preserve unless a manual review finds it duplicated elsewhere.
Devops-eShopOnWeb,https://github.com/Ibraheemolasupogit/Devops-eShopOnWeb,Yes,https://github.com/MicrosoftLearning/eShopOnWeb,2025-07-13T07:57:16Z,public,No obvious unique commits from public metadata,portfolio/reference; learning,KEEP,Shows portfolio/reference; learning value; preserve unless a manual review finds it duplicated elsewhere.
Devops-hello-world,https://github.com/Ibraheemolasupogit/Devops-hello-world,Yes,https://github.com/yankils/hello-world,2025-08-04T08:17:40Z,public,No obvious unique commits from public metadata,portfolio/reference,KEEP,Shows portfolio/reference value; preserve unless a manual review finds it duplicated elsewhere.
DevOps-solutions,https://github.com/Ibraheemolasupogit/DevOps-solutions,Yes,https://github.com/imnowdevops/ddc-material,2025-09-08T14:00:21Z,public,No obvious unique commits from public metadata,portfolio/reference,KEEP,Shows portfolio/reference value; preserve unless a manual review finds it duplicated elsewhere.
dify,https://github.com/Ibraheemolasupogit/dify,Yes,https://github.com/langgenius/dify,2025-08-13T17:06:56Z,public,Possible: fork branch has pushes at/after fork creation; could be user work or a sync,portfolio/reference,KEEP,Shows portfolio/reference value; preserve unless a manual review finds it duplicated elsewhere.
DP-100-Designing-and-implementing-data-science-solutions-on-Azure,https://github.com/Ibraheemolasupogit/DP-100-Designing-and-implementing-data-science-solutions-on-Azure,Yes,https://github.com/annav88/mslearn-azure-ml-100,2025-08-05T17:45:18Z,public,Possible: fork branch has pushes at/after fork creation; could be user work or a sync,portfolio/reference; learning,KEEP,Shows portfolio/reference; learning value; preserve unless a manual review finds it duplicated elsewhere.
dp-203-azure-data-engineer-DP-3012-Data-Analytics-Solution-with-Azure-Synapse-Analytics,https://github.com/Ibraheemolasupogit/dp-203-azure-data-engineer-DP-3012-Data-Analytics-Solution-with-Azure-Synapse-Analytics,Yes,https://github.com/secedit/dp-203-azure-data-engineer,2025-07-31T15:31:36Z,public,No obvious unique commits from public metadata,portfolio/reference; learning,KEEP,Shows portfolio/reference; learning value; preserve unless a manual review finds it duplicated elsewhere.
DP-3028-Gen-AI-Eng-DP-3014-ML-solution-with-Azure-Databricks-DP-3011-Data-Analytic-DP-3027-Data-DEgr,https://github.com/Ibraheemolasupogit/DP-3028-Gen-AI-Eng-DP-3014-ML-solution-with-Azure-Databricks-DP-3011-Data-Analytic-DP-3027-Data-DEgr,Yes,https://github.com/MicrosoftLearning/mslearn-databricks,2025-07-31T14:56:02Z,public,Possible: metadata or repository activity changed after fork creation,portfolio/reference; learning,KEEP,Shows portfolio/reference; learning value; preserve unless a manual review finds it duplicated elsewhere.
dp-420-cosmos-db-dev,https://github.com/Ibraheemolasupogit/dp-420-cosmos-db-dev,Yes,https://github.com/MicrosoftLearning/dp-420-cosmos-db-dev,2025-11-01T06:55:26Z,public,No obvious unique commits from public metadata,portfolio/reference; learning,KEEP,Shows portfolio/reference; learning value; preserve unless a manual review finds it duplicated elsewhere.
DP-500-Azure-Data-Analyst,https://github.com/Ibraheemolasupogit/DP-500-Azure-Data-Analyst,Yes,https://github.com/MicrosoftLearning/DP-500-Azure-Data-Analyst,2025-09-13T04:32:48Z,public,No obvious unique commits from public metadata,portfolio/reference; learning,KEEP,Shows portfolio/reference; learning value; preserve unless a manual review finds it duplicated elsewhere.
DP-700T00-A-Microsoft-Fabric-Data-Engineer-Fabric-mslearn-fabric,https://github.com/Ibraheemolasupogit/DP-700T00-A-Microsoft-Fabric-Data-Engineer-Fabric-mslearn-fabric,Yes,https://github.com/MicrosoftLearning/mslearn-fabric,2025-07-31T16:17:42Z,public,Possible: metadata or repository activity changed after fork creation,learning,KEEP,Learning-oriented fork with possible activity after creation.
DP-750T00-Implement-Data-Engineering-Solutions-using-Azure-Databricks,https://github.com/Ibraheemolasupogit/DP-750T00-Implement-Data-Engineering-Solutions-using-Azure-Databricks,Yes,https://github.com/MicrosoftLearning/DP-750T00-Implement-Data-Engineering-Solutions-using-Azure-Databricks,2026-04-09T08:19:37Z,public,No obvious unique commits from public metadata,portfolio/reference; learning,KEEP,Shows portfolio/reference; learning value; preserve unless a manual review finds it duplicated elsewhere.
DP-900T00A-Azure-Data-Fundamentals,https://github.com/Ibraheemolasupogit/DP-900T00A-Azure-Data-Fundamentals,Yes,https://github.com/MicrosoftLearning/DP-900T00A-Azure-Data-Fundamentals,2025-07-31T15:12:51Z,public,No obvious unique commits from public metadata,portfolio/reference; learning,KEEP,Shows portfolio/reference; learning value; preserve unless a manual review finds it duplicated elsewhere.
End-to-End-Vertex-AI-Pipeline-for-Fraud-Detection,https://github.com/Ibraheemolasupogit/End-to-End-Vertex-AI-Pipeline-for-Fraud-Detection,Yes,https://github.com/zacharyvunguyen/End-to-End-Vertex-AI-Pipeline-for-Fraud-Detection,2025-08-04T16:31:09Z,public,No obvious unique commits from public metadata,portfolio/reference,KEEP,Shows portfolio/reference value; preserve unless a manual review finds it duplicated elsewhere.
Forecasting,https://github.com/Ibraheemolasupogit/Forecasting,Yes,https://github.com/nhsx/Forecasting,2025-08-20T21:30:09Z,public,Possible: fork branch has pushes at/after fork creation; could be user work or a sync,portfolio/reference,KEEP,Shows portfolio/reference value; preserve unless a manual review finds it duplicated elsewhere.
Fraud-Analytics-with-AI-ML,https://github.com/Ibraheemolasupogit/Fraud-Analytics-with-AI-ML,Yes,https://github.com/RP-333/Fraud-Analytics-with-AI-ML,2025-09-01T04:30:06Z,public,No obvious unique commits from public metadata,portfolio/reference,KEEP,Shows portfolio/reference value; preserve unless a manual review finds it duplicated elsewhere.
fraud-detection-handbook,https://github.com/Ibraheemolasupogit/fraud-detection-handbook,Yes,https://github.com/Fraud-Detection-Handbook/fraud-detection-handbook,2025-09-01T05:11:28Z,public,No obvious unique commits from public metadata,portfolio/reference,KEEP,Shows portfolio/reference value; preserve unless a manual review finds it duplicated elsewhere.
GCP-deploy-cloudrun,https://github.com/Ibraheemolasupogit/GCP-deploy-cloudrun,Yes,https://github.com/google-github-actions/deploy-cloudrun,2025-07-09T11:50:41Z,public,No obvious unique commits from public metadata,portfolio/reference,KEEP,Shows portfolio/reference value; preserve unless a manual review finds it duplicated elsewhere.
GCP-example-workflows,https://github.com/Ibraheemolasupogit/GCP-example-workflows,Yes,https://github.com/google-github-actions/example-workflows,2025-07-09T11:49:28Z,public,No obvious unique commits from public metadata,portfolio/reference; learning,KEEP,Shows portfolio/reference; learning value; preserve unless a manual review finds it duplicated elsewhere.
gcp-mlops-development-to-deployment,https://github.com/Ibraheemolasupogit/gcp-mlops-development-to-deployment,Yes,https://github.com/sidoncloud/gcp-mlops,2025-08-02T19:05:50Z,public,No obvious unique commits from public metadata,portfolio/reference; learning,KEEP,Shows portfolio/reference; learning value; preserve unless a manual review finds it duplicated elsewhere.
GCP-workflows-demos,https://github.com/Ibraheemolasupogit/GCP-workflows-demos,Yes,https://github.com/GoogleCloudPlatform/workflows-demos,2025-07-09T11:45:06Z,public,No obvious unique commits from public metadata,portfolio/reference; learning,KEEP,Shows portfolio/reference; learning value; preserve unless a manual review finds it duplicated elsewhere.
gcs-connector-for-pytorch,https://github.com/Ibraheemolasupogit/gcs-connector-for-pytorch,Yes,https://github.com/GoogleCloudPlatform/gcs-connector-for-pytorch,2025-07-30T16:08:24Z,public,No obvious unique commits from public metadata,portfolio/reference,KEEP,Shows portfolio/reference value; preserve unless a manual review finds it duplicated elsewhere.
gemini-cli,https://github.com/Ibraheemolasupogit/gemini-cli,Yes,https://github.com/google-gemini/gemini-cli,2025-08-13T17:09:05Z,public,Possible: fork branch has pushes at/after fork creation; could be user work or a sync,portfolio/reference; contribution/reference,KEEP,Shows portfolio/reference; contribution/reference value; preserve unless a manual review finds it duplicated elsewhere.
generative-ai,https://github.com/Ibraheemolasupogit/generative-ai,Yes,https://github.com/GoogleCloudPlatform/generative-ai,2025-07-18T15:08:15Z,public,No obvious unique commits from public metadata,portfolio/reference; learning,KEEP,Shows portfolio/reference; learning value; preserve unless a manual review finds it duplicated elsewhere.
Get-started-Microsoft-Entra-Management-Tasks,https://github.com/Ibraheemolasupogit/Get-started-Microsoft-Entra-Management-Tasks,Yes,https://github.com/MicrosoftLearning/Get-started-Microsoft-Entra-Management-Tasks,2025-11-03T11:10:42Z,public,No obvious unique commits from public metadata,portfolio/reference,KEEP,Shows portfolio/reference value; preserve unless a manual review finds it duplicated elsewhere.
getting-started-with-github-copilot,https://github.com/Ibraheemolasupogit/getting-started-with-github-copilot,Yes,https://github.com/skills/getting-started-with-github-copilot,2025-07-08T14:42:47Z,public,No obvious unique commits from public metadata,portfolio/reference; learning,KEEP,Shows portfolio/reference; learning value; preserve unless a manual review finds it duplicated elsewhere.
google-cloud-certifications,https://github.com/Ibraheemolasupogit/google-cloud-certifications,Yes,https://github.com/stacksimplify/google-cloud-certifications,2025-07-31T16:33:57Z,public,No obvious unique commits from public metadata,portfolio/reference; learning,KEEP,Shows portfolio/reference; learning value; preserve unless a manual review finds it duplicated elsewhere.
Guide-on-making-contribution,https://github.com/Ibraheemolasupogit/Guide-on-making-contribution,Yes,https://github.com/firstcontributions/first-contributions,2025-06-30T17:06:35Z,public,Possible: fork branch has pushes at/after fork creation; could be user work or a sync,learning; contribution/reference,KEEP,Shows learning; contribution/reference value; preserve unless a manual review finds it duplicated elsewhere.
Gurobi-Modeling-examples,https://github.com/Ibraheemolasupogit/Gurobi-Modeling-examples,Yes,https://github.com/Gurobi/modeling-examples,2025-07-05T14:11:28Z,public,Possible: fork branch has pushes at/after fork creation; could be user work or a sync,learning,KEEP,Learning-oriented fork with possible activity after creation.
Health-Data-and-AI-Blueprint,https://github.com/Ibraheemolasupogit/Health-Data-and-AI-Blueprint,Yes,https://github.com/Azure/Health-Data-and-AI-Blueprint,2025-07-22T15:13:16Z,public,No obvious unique commits from public metadata,portfolio/reference,KEEP,Shows portfolio/reference value; preserve unless a manual review finds it duplicated elsewhere.
hello-github-actions_GitHub_MS,https://github.com/Ibraheemolasupogit/hello-github-actions_GitHub_MS,Yes,https://github.com/skills/hello-github-actions,2026-02-12T14:40:23Z,public,Possible: metadata or repository activity changed after fork creation,learning,KEEP,Learning-oriented fork with possible activity after creation.
hive,https://github.com/Ibraheemolasupogit/hive,Yes,https://github.com/apache/hive,2025-08-21T00:25:19Z,public,No obvious unique commits from public metadata,portfolio/reference; contribution/reference,KEEP,Shows portfolio/reference; contribution/reference value; preserve unless a manual review finds it duplicated elsewhere.
House-Prices-Advanced-Regression-Techniques-Kaggle,https://github.com/Ibraheemolasupogit/House-Prices-Advanced-Regression-Techniques-Kaggle,Yes,https://github.com/MaizeCobra/Kaggle-Competitions,2025-07-11T13:56:14Z,public,No obvious unique commits from public metadata,portfolio/reference; learning,KEEP,Shows portfolio/reference; learning value; preserve unless a manual review finds it duplicated elsewhere.
implement-column-level-encryption-in-amazon-redshift-with-aws-glue-and-aws-lambda-udf,https://github.com/Ibraheemolasupogit/implement-column-level-encryption-in-amazon-redshift-with-aws-glue-and-aws-lambda-udf,Yes,https://github.com/aws-samples/implement-column-level-encryption-in-amazon-redshift-with-aws-glue-and-aws-lambda-udf,2025-07-10T01:55:07Z,public,No obvious unique commits from public metadata,portfolio/reference,KEEP,Shows portfolio/reference value; preserve unless a manual review finds it duplicated elsewhere.
implement-security-through-pipeline-using-devops,https://github.com/Ibraheemolasupogit/implement-security-through-pipeline-using-devops,Yes,https://github.com/MicrosoftLearning/implement-security-through-pipeline-using-devops,2025-11-19T02:47:46Z,public,No obvious unique commits from public metadata,portfolio/reference; learning,KEEP,Shows portfolio/reference; learning value; preserve unless a manual review finds it duplicated elsewhere.
kafka-tutorials,https://github.com/Ibraheemolasupogit/kafka-tutorials,Yes,https://github.com/confluentinc/kafka-tutorials,2025-08-21T00:21:12Z,public,No obvious unique commits from public metadata,portfolio/reference; contribution/reference,KEEP,Shows portfolio/reference; contribution/reference value; preserve unless a manual review finds it duplicated elsewhere.
kops,https://github.com/Ibraheemolasupogit/kops,Yes,https://github.com/kubernetes/kops,2025-08-28T15:36:13Z,public,Possible: fork branch has pushes at/after fork creation; could be user work or a sync,portfolio/reference; contribution/reference,KEEP,Shows portfolio/reference; contribution/reference value; preserve unless a manual review finds it duplicated elsewhere.
kubeflow-gke-docs,https://github.com/Ibraheemolasupogit/kubeflow-gke-docs,Yes,https://github.com/GoogleCloudPlatform/kubeflow-gke-docs,2025-08-03T20:03:48Z,public,No obvious unique commits from public metadata,portfolio/reference,KEEP,Shows portfolio/reference value; preserve unless a manual review finds it duplicated elsewhere.
kubernetes,https://github.com/Ibraheemolasupogit/kubernetes,Yes,https://github.com/kubernetes/kubernetes,2025-08-31T17:33:05Z,public,Possible: fork branch has pushes at/after fork creation; could be user work or a sync,portfolio/reference; contribution/reference,KEEP,Shows portfolio/reference; contribution/reference value; preserve unless a manual review finds it duplicated elsewhere.
kubernetes-engine-samples,https://github.com/Ibraheemolasupogit/kubernetes-engine-samples,Yes,https://github.com/GoogleCloudPlatform/kubernetes-engine-samples,2025-08-03T15:47:05Z,public,No obvious unique commits from public metadata,portfolio/reference; learning; contribution/reference,KEEP,Shows portfolio/reference; learning; contribution/reference value; preserve unless a manual review finds it duplicated elsewhere.
labs-ai-tools-for-devs,https://github.com/Ibraheemolasupogit/labs-ai-tools-for-devs,Yes,https://github.com/docker/labs-ai-tools-for-devs,2025-08-19T21:12:58Z,public,No obvious unique commits from public metadata,portfolio/reference; learning,KEEP,Shows portfolio/reference; learning value; preserve unless a manual review finds it duplicated elsewhere.
langflow,https://github.com/Ibraheemolasupogit/langflow,Yes,https://github.com/langflow-ai/langflow,2025-08-13T17:04:07Z,public,Possible: fork branch has pushes at/after fork creation; could be user work or a sync,portfolio/reference,KEEP,Shows portfolio/reference value; preserve unless a manual review finds it duplicated elsewhere.
langgraph,https://github.com/Ibraheemolasupogit/langgraph,Yes,https://github.com/langchain-ai/langgraph,2025-08-13T17:02:16Z,public,Possible: fork branch has pushes at/after fork creation; could be user work or a sync,portfolio/reference,KEEP,Shows portfolio/reference value; preserve unless a manual review finds it duplicated elsewhere.
lda-NLP,https://github.com/Ibraheemolasupogit/lda-NLP,Yes,https://github.com/lda-project/lda,2025-08-22T20:31:16Z,public,Possible: metadata or repository activity changed after fork creation,portfolio/reference,KEEP,Shows portfolio/reference value; preserve unless a manual review finds it duplicated elsewhere.
Loan-prediction-using-Machine-Learning-and-Python,https://github.com/Ibraheemolasupogit/Loan-prediction-using-Machine-Learning-and-Python,Yes,https://github.com/Architectshwet/Loan-prediction-using-Machine-Learning-and-Python,2025-07-19T12:14:43Z,public,No obvious unique commits from public metadata,portfolio/reference,KEEP,Shows portfolio/reference value; preserve unless a manual review finds it duplicated elsewhere.
MachineLearningNotebooks,https://github.com/Ibraheemolasupogit/MachineLearningNotebooks,Yes,https://github.com/Azure/MachineLearningNotebooks,2025-07-22T12:04:56Z,public,No obvious unique commits from public metadata,portfolio/reference; learning,KEEP,Shows portfolio/reference; learning value; preserve unless a manual review finds it duplicated elsewhere.
MetaGPT,https://github.com/Ibraheemolasupogit/MetaGPT,Yes,https://github.com/FoundationAgents/MetaGPT,2025-08-13T17:12:07Z,public,No obvious unique commits from public metadata,portfolio/reference; contribution/reference,KEEP,Shows portfolio/reference; contribution/reference value; preserve unless a manual review finds it duplicated elsewhere.
ML-For-Beginners,https://github.com/Ibraheemolasupogit/ML-For-Beginners,Yes,https://github.com/microsoft/ML-For-Beginners,2025-08-23T07:09:59Z,public,No obvious unique commits from public metadata,portfolio/reference,KEEP,Shows portfolio/reference value; preserve unless a manual review finds it duplicated elsewhere.
ml-on-gcp,https://github.com/Ibraheemolasupogit/ml-on-gcp,Yes,https://github.com/GoogleCloudPlatform/ml-on-gcp,2025-07-30T16:10:17Z,public,No obvious unique commits from public metadata,portfolio/reference,KEEP,Shows portfolio/reference value; preserve unless a manual review finds it duplicated elsewhere.
MLOps-model-deployment-GCP,https://github.com/Ibraheemolasupogit/MLOps-model-deployment-GCP,Yes,https://github.com/futurexskill/ml-model-deployment,2025-08-07T03:31:01Z,public,No obvious unique commits from public metadata,portfolio/reference,KEEP,Shows portfolio/reference value; preserve unless a manual review finds it duplicated elsewhere.
mlops-stacks,https://github.com/Ibraheemolasupogit/mlops-stacks,Yes,https://github.com/databricks/mlops-stacks,2025-08-19T03:22:16Z,public,Possible: fork branch has pushes at/after fork creation; could be user work or a sync,portfolio/reference,KEEP,Shows portfolio/reference value; preserve unless a manual review finds it duplicated elsewhere.
mlops-templates,https://github.com/Ibraheemolasupogit/mlops-templates,Yes,https://github.com/Azure/mlops-templates,2025-07-22T15:02:53Z,public,No obvious unique commits from public metadata,portfolio/reference; learning,KEEP,Shows portfolio/reference; learning value; preserve unless a manual review finds it duplicated elsewhere.
MLOps-v2,https://github.com/Ibraheemolasupogit/MLOps-v2,Yes,https://github.com/Azure/mlops-v2,2025-07-02T11:25:30Z,public,No obvious unique commits from public metadata,portfolio/reference; learning,KEEP,Shows portfolio/reference; learning value; preserve unless a manual review finds it duplicated elsewhere.
mlops-with-vertex-ai,https://github.com/Ibraheemolasupogit/mlops-with-vertex-ai,Yes,https://github.com/GoogleCloudPlatform/mlops-with-vertex-ai,2025-07-18T15:10:17Z,public,No obvious unique commits from public metadata,portfolio/reference; learning,KEEP,Shows portfolio/reference; learning value; preserve unless a manual review finds it duplicated elsewhere.
mlsecops,https://github.com/Ibraheemolasupogit/mlsecops,Yes,https://github.com/Benjamin-KY/MLSecOps,2025-10-01T16:33:18Z,public,No obvious unique commits from public metadata,portfolio/reference; learning,KEEP,Shows portfolio/reference; learning value; preserve unless a manual review finds it duplicated elsewhere.
MS-4002-Prepare-security-and-compliance-to-support-Microsoft-365-Copilot,https://github.com/Ibraheemolasupogit/MS-4002-Prepare-security-and-compliance-to-support-Microsoft-365-Copilot,Yes,https://github.com/MicrosoftLearning/MS-4002-Prepare-security-and-compliance-to-support-Microsoft-365-Copilot,2025-12-07T12:34:42Z,public,No obvious unique commits from public metadata,portfolio/reference; learning,KEEP,Shows portfolio/reference; learning value; preserve unless a manual review finds it duplicated elsewhere.
MS-4010-Extend-Microsoft365-Copilot-declarative-agents-VS-Code,https://github.com/Ibraheemolasupogit/MS-4010-Extend-Microsoft365-Copilot-declarative-agents-VS-Code,Yes,https://github.com/MicrosoftLearning/MS-4010-Extend-Microsoft365-Copilot-declarative-agents-VS-Code,2025-11-08T04:13:54Z,public,No obvious unique commits from public metadata,portfolio/reference; learning,KEEP,Shows portfolio/reference; learning value; preserve unless a manual review finds it duplicated elsewhere.
mslearn-ai-agents-AI-102-Designing-and-Implementing-a-Microsoft-Azure-AI-Solution-Day-2-AI-3026,https://github.com/Ibraheemolasupogit/mslearn-ai-agents-AI-102-Designing-and-Implementing-a-Microsoft-Azure-AI-Solution-Day-2-AI-3026,Yes,https://github.com/MicrosoftLearning/mslearn-ai-agents,2025-07-31T12:14:12Z,public,Possible: metadata or repository activity changed after fork creation,portfolio/reference; learning,KEEP,Shows portfolio/reference; learning value; preserve unless a manual review finds it duplicated elsewhere.
mslearn-ai-document-intelligence-102,https://github.com/Ibraheemolasupogit/mslearn-ai-document-intelligence-102,Yes,https://github.com/MicrosoftLearning/mslearn-ai-document-intelligence,2025-08-14T17:29:21Z,public,Possible: metadata or repository activity changed after fork creation,portfolio/reference; learning,KEEP,Shows portfolio/reference; learning value; preserve unless a manual review finds it duplicated elsewhere.
mslearn-ai-fundamentals-AI-900T00-A-Introduction-to-AI-in-Azure,https://github.com/Ibraheemolasupogit/mslearn-ai-fundamentals-AI-900T00-A-Introduction-to-AI-in-Azure,Yes,https://github.com/MicrosoftLearning/mslearn-ai-fundamentals,2025-07-31T10:51:25Z,public,No obvious unique commits from public metadata,portfolio/reference; learning,KEEP,Shows portfolio/reference; learning value; preserve unless a manual review finds it duplicated elsewhere.
mslearn-ai-info-extraction-AI-3002-Develop-AI-information-extraction-solutions-in-Azure-AI-102-Day-5,https://github.com/Ibraheemolasupogit/mslearn-ai-info-extraction-AI-3002-Develop-AI-information-extraction-solutions-in-Azure-AI-102-Day-5,Yes,https://github.com/MicrosoftLearning/mslearn-ai-information-extraction,2025-07-31T12:04:22Z,public,Possible: metadata or repository activity changed after fork creation,portfolio/reference; learning,KEEP,Shows portfolio/reference; learning value; preserve unless a manual review finds it duplicated elsewhere.
mslearn-ai-language-AI-102-Designing-and-Implementing-a-Microsoft-Azure-AI-Solution-Day-3,https://github.com/Ibraheemolasupogit/mslearn-ai-language-AI-102-Designing-and-Implementing-a-Microsoft-Azure-AI-Solution-Day-3,Yes,https://github.com/MicrosoftLearning/mslearn-ai-language,2025-07-31T11:45:12Z,public,Possible: metadata or repository activity changed after fork creation,portfolio/reference; learning,KEEP,Shows portfolio/reference; learning value; preserve unless a manual review finds it duplicated elsewhere.
mslearn-ai-semantic-kernel,https://github.com/Ibraheemolasupogit/mslearn-ai-semantic-kernel,Yes,https://github.com/MicrosoftLearning/mslearn-ai-semantic-kernel,2025-11-02T10:59:35Z,public,No obvious unique commits from public metadata,portfolio/reference; learning,KEEP,Shows portfolio/reference; learning value; preserve unless a manual review finds it duplicated elsewhere.
mslearn-ai-services-102,https://github.com/Ibraheemolasupogit/mslearn-ai-services-102,Yes,https://github.com/MicrosoftLearning/mslearn-ai-services,2025-08-14T17:27:36Z,public,No obvious unique commits from public metadata,portfolio/reference; learning,KEEP,Shows portfolio/reference; learning value; preserve unless a manual review finds it duplicated elsewhere.
mslearn-ai-studio-AI-102-Designing-and-Implementing-a-Microsoft-Azure-AI-Solution-Day-1,https://github.com/Ibraheemolasupogit/mslearn-ai-studio-AI-102-Designing-and-Implementing-a-Microsoft-Azure-AI-Solution-Day-1,Yes,https://github.com/MicrosoftLearning/mslearn-ai-studio,2025-07-29T09:58:33Z,public,Possible: metadata or repository activity changed after fork creation,portfolio/reference; learning,KEEP,Shows portfolio/reference; learning value; preserve unless a manual review finds it duplicated elsewhere.
mslearn-ai-vision-AI-102-Designing-and-Implementing-a-Microsoft-Azure-AI-Solution-Day-4,https://github.com/Ibraheemolasupogit/mslearn-ai-vision-AI-102-Designing-and-Implementing-a-Microsoft-Azure-AI-Solution-Day-4,Yes,https://github.com/MicrosoftLearning/mslearn-ai-vision,2025-07-31T11:55:50Z,public,Possible: metadata or repository activity changed after fork creation,portfolio/reference; learning,KEEP,Shows portfolio/reference; learning value; preserve unless a manual review finds it duplicated elsewhere.
mslearn-azure-developer-204,https://github.com/Ibraheemolasupogit/mslearn-azure-developer-204,Yes,https://github.com/MicrosoftLearning/mslearn-azure-developer,2025-08-25T07:22:02Z,public,No obvious unique commits from public metadata,portfolio/reference; learning,KEEP,Shows portfolio/reference; learning value; preserve unless a manual review finds it duplicated elsewhere.
mslearn-copilot-Work-smarter-with-AI-using-Microsoft-Copilot-AI-3025,https://github.com/Ibraheemolasupogit/mslearn-copilot-Work-smarter-with-AI-using-Microsoft-Copilot-AI-3025,Yes,https://github.com/MicrosoftLearning/mslearn-copilot,2025-07-31T16:22:41Z,public,Possible: metadata or repository activity changed after fork creation,portfolio/reference; learning,KEEP,Shows portfolio/reference; learning value; preserve unless a manual review finds it duplicated elsewhere.
mslearn-copilotstudio-copilot,https://github.com/Ibraheemolasupogit/mslearn-copilotstudio-copilot,Yes,https://github.com/MicrosoftLearning/mslearn-copilotstudio,2025-11-24T12:00:05Z,public,Possible: metadata or repository activity changed after fork creation,portfolio/reference; learning,KEEP,Shows portfolio/reference; learning value; preserve unless a manual review finds it duplicated elsewhere.
mslearn-github-copilot-dev-Accelerate,https://github.com/Ibraheemolasupogit/mslearn-github-copilot-dev-Accelerate,Yes,https://github.com/MicrosoftLearning/mslearn-github-copilot-dev,2025-11-27T05:09:45Z,public,Possible: metadata or repository activity changed after fork creation,learning,KEEP,Learning-oriented fork with possible activity after creation.
mslearn-knowledge-mining-AI-102-Day-6,https://github.com/Ibraheemolasupogit/mslearn-knowledge-mining-AI-102-Day-6,Yes,https://github.com/MicrosoftLearning/mslearn-knowledge-mining,2025-11-02T01:34:04Z,public,Possible: metadata or repository activity changed after fork creation,portfolio/reference; learning,KEEP,Shows portfolio/reference; learning value; preserve unless a manual review finds it duplicated elsewhere.
mslearn-mlops_AI-300,https://github.com/Ibraheemolasupogit/mslearn-mlops_AI-300,Yes,https://github.com/MicrosoftLearning/mslearn-mlops,2026-04-12T10:43:27Z,public,No obvious unique commits from public metadata,portfolio/reference; learning,KEEP,Shows portfolio/reference; learning value; preserve unless a manual review finds it duplicated elsewhere.
mslearn-openai-AI-102,https://github.com/Ibraheemolasupogit/mslearn-openai-AI-102,Yes,https://github.com/MicrosoftLearning/mslearn-openai,2025-08-14T17:30:30Z,public,No obvious unique commits from public metadata,portfolio/reference; learning,KEEP,Shows portfolio/reference; learning value; preserve unless a manual review finds it duplicated elsewhere.
mslearn-sql-migration-DP-3001-Migrate-SQL-Server-workload-to-Azure-SQL,https://github.com/Ibraheemolasupogit/mslearn-sql-migration-DP-3001-Migrate-SQL-Server-workload-to-Azure-SQL,Yes,https://github.com/MicrosoftLearning/mslearn-sql-migration,2025-07-29T17:40:54Z,public,No obvious unique commits from public metadata,portfolio/reference; learning,KEEP,Shows portfolio/reference; learning value; preserve unless a manual review finds it duplicated elsewhere.
Multi-Agent-Custom-Automation-Engine-Solution-Accelerator,https://github.com/Ibraheemolasupogit/Multi-Agent-Custom-Automation-Engine-Solution-Accelerator,Yes,https://github.com/microsoft/Multi-Agent-Custom-Automation-Engine-Solution-Accelerator,2025-08-07T13:42:19Z,public,Possible: fork branch has pushes at/after fork creation; could be user work or a sync,portfolio/reference,KEEP,Shows portfolio/reference value; preserve unless a manual review finds it duplicated elsewhere.
Multi-Agent-Trip-Planning-System-google-adk-workflows,https://github.com/Ibraheemolasupogit/Multi-Agent-Trip-Planning-System-google-adk-workflows,Yes,https://github.com/MagnIeeT/google-adk-workflows,2025-07-23T03:55:19Z,public,No obvious unique commits from public metadata,portfolio/reference,KEEP,Shows portfolio/reference value; preserve unless a manual review finds it duplicated elsewhere.
NeMo-Guardrails,https://github.com/Ibraheemolasupogit/NeMo-Guardrails,Yes,https://github.com/NVIDIA-NeMo/Guardrails,2025-09-18T14:39:52Z,public,Possible: metadata or repository activity changed after fork creation,contribution/reference,KEEP,Shows contribution/reference value; preserve unless a manual review finds it duplicated elsewhere.
NHS-commercial-data-healthcare-predictions,https://github.com/Ibraheemolasupogit/NHS-commercial-data-healthcare-predictions,Yes,https://github.com/nhsx/commercial-data-healthcare-predictions,2025-06-29T07:23:46Z,public,No obvious unique commits from public metadata,portfolio/reference,KEEP,Shows portfolio/reference value; preserve unless a manual review finds it duplicated elsewhere.
NHS-DNAproject-showupforhealth,https://github.com/Ibraheemolasupogit/NHS-DNAproject-showupforhealth,Yes,https://github.com/janduplessis883/project-showupforhealth,2025-06-30T18:24:34Z,public,No obvious unique commits from public metadata,portfolio/reference,KEEP,Shows portfolio/reference value; preserve unless a manual review finds it duplicated elsewhere.
NHS-GeneralPracticePatientSurvey,https://github.com/Ibraheemolasupogit/NHS-GeneralPracticePatientSurvey,Yes,https://github.com/nathant181/GeneralPracticePatientSurvey,2025-06-29T09:07:16Z,public,No obvious unique commits from public metadata,portfolio/reference,KEEP,Shows portfolio/reference value; preserve unless a manual review finds it duplicated elsewhere.
nhs-r-community,https://github.com/Ibraheemolasupogit/nhs-r-community,Yes,https://github.com/nhs-r-community/nhs-r-community,2025-08-20T13:14:54Z,public,No obvious unique commits from public metadata,portfolio/reference,KEEP,Shows portfolio/reference value; preserve unless a manual review finds it duplicated elsewhere.
NHS-skunkworks,https://github.com/Ibraheemolasupogit/NHS-skunkworks,Yes,https://github.com/nhsx/skunkworks,2025-07-01T09:45:18Z,public,No obvious unique commits from public metadata,portfolio/reference,KEEP,Shows portfolio/reference value; preserve unless a manual review finds it duplicated elsewhere.
NHSR-way,https://github.com/Ibraheemolasupogit/NHSR-way,Yes,https://github.com/nhs-r-community/NHSR-way,2025-08-19T17:16:44Z,public,No obvious unique commits from public metadata,portfolio/reference,KEEP,Shows portfolio/reference value; preserve unless a manual review finds it duplicated elsewhere.
NHSRwaitinglist,https://github.com/Ibraheemolasupogit/NHSRwaitinglist,Yes,https://github.com/nhs-r-community/NHSRwaitinglist,2025-06-29T01:40:01Z,public,No obvious unique commits from public metadata,portfolio/reference,KEEP,Shows portfolio/reference value; preserve unless a manual review finds it duplicated elsewhere.
nhsx-internship-projects,https://github.com/Ibraheemolasupogit/nhsx-internship-projects,Yes,https://github.com/nhsx/nhsx-internship-projects,2025-08-04T11:35:28Z,public,No obvious unique commits from public metadata,portfolio/reference,KEEP,Shows portfolio/reference value; preserve unless a manual review finds it duplicated elsewhere.
online_payment_fraud,https://github.com/Ibraheemolasupogit/online_payment_fraud,Yes,https://github.com/sergio11/online_payment_fraud,2025-09-01T04:34:07Z,public,No obvious unique commits from public metadata,portfolio/reference; learning,KEEP,Shows portfolio/reference; learning value; preserve unless a manual review finds it duplicated elsewhere.
openai-agents-python,https://github.com/Ibraheemolasupogit/openai-agents-python,Yes,https://github.com/openai/openai-agents-python,2025-08-13T17:47:51Z,public,Possible: fork branch has pushes at/after fork creation; could be user work or a sync,portfolio/reference; contribution/reference,KEEP,Shows portfolio/reference; contribution/reference value; preserve unless a manual review finds it duplicated elsewhere.
OpenAIWorkshop,https://github.com/Ibraheemolasupogit/OpenAIWorkshop,Yes,https://github.com/microsoft/OpenAIWorkshop,2025-11-30T12:35:18Z,public,No obvious unique commits from public metadata,portfolio/reference; learning,KEEP,Shows portfolio/reference; learning value; preserve unless a manual review finds it duplicated elsewhere.
PL-30-PL-300T00-A-Design-and-manage-analytics-solutions-using-Power-BI-DP-605T00,https://github.com/Ibraheemolasupogit/PL-30-PL-300T00-A-Design-and-manage-analytics-solutions-using-Power-BI-DP-605T00,Yes,https://github.com/MicrosoftLearning/PL-300-Microsoft-Power-BI-Data-Analyst,2025-07-31T13:46:54Z,public,Possible: metadata or repository activity changed after fork creation,portfolio/reference; learning,KEEP,Shows portfolio/reference; learning value; preserve unless a manual review finds it duplicated elsewhere.
PL-7003-Create-and-manage-model-driven-apps-with-Power-Apps-and-Dataverse,https://github.com/Ibraheemolasupogit/PL-7003-Create-and-manage-model-driven-apps-with-Power-Apps-and-Dataverse,Yes,https://github.com/MicrosoftLearning/PL-7003-Create-and-manage-model-driven-apps-with-Power-Apps-and-Dataverse,2025-12-03T06:03:40Z,public,No obvious unique commits from public metadata,portfolio/reference; learning,KEEP,Shows portfolio/reference; learning value; preserve unless a manual review finds it duplicated elsewhere.
postgres,https://github.com/Ibraheemolasupogit/postgres,Yes,https://github.com/postgres/postgres,2025-08-30T14:02:09Z,public,No obvious unique commits from public metadata,portfolio/reference; contribution/reference,KEEP,Shows portfolio/reference; contribution/reference value; preserve unless a manual review finds it duplicated elsewhere.
power-grid-model,https://github.com/Ibraheemolasupogit/power-grid-model,Yes,https://github.com/PowerGridModel/power-grid-model,2025-07-15T19:26:37Z,public,No obvious unique commits from public metadata,portfolio/reference,KEEP,Shows portfolio/reference value; preserve unless a manual review finds it duplicated elsewhere.
Power-system-stability-PSS-ML,https://github.com/Ibraheemolasupogit/Power-system-stability-PSS-ML,Yes,https://github.com/sarajcev/PSS-ML,2025-07-20T00:55:47Z,public,No obvious unique commits from public metadata,portfolio/reference,KEEP,Shows portfolio/reference value; preserve unless a manual review finds it duplicated elsewhere.
predict-customer-churn,https://github.com/Ibraheemolasupogit/predict-customer-churn,Yes,https://github.com/alteryx/predict-customer-churn,2025-11-28T09:02:35Z,public,No obvious unique commits from public metadata,portfolio/reference; contribution/reference,KEEP,Shows portfolio/reference; contribution/reference value; preserve unless a manual review finds it duplicated elsewhere.
Predictive-Maintenance-of-Aircraft-Engine,https://github.com/Ibraheemolasupogit/Predictive-Maintenance-of-Aircraft-Engine,Yes,https://github.com/archd3sai/Predictive-Maintenance-of-Aircraft-Engine,2025-08-06T15:48:13Z,public,No obvious unique commits from public metadata,portfolio/reference,KEEP,Shows portfolio/reference value; preserve unless a manual review finds it duplicated elsewhere.
predictive-maintenance-showcase,https://github.com/Ibraheemolasupogit/predictive-maintenance-showcase,Yes,https://github.com/jordandelbar/predictive-maintenance-showcase,2025-07-22T14:57:30Z,public,No obvious unique commits from public metadata,portfolio/reference; learning,KEEP,Shows portfolio/reference; learning value; preserve unless a manual review finds it duplicated elsewhere.
ragflow,https://github.com/Ibraheemolasupogit/ragflow,Yes,https://github.com/infiniflow/ragflow,2025-08-13T17:09:48Z,public,No obvious unique commits from public metadata,portfolio/reference; contribution/reference,KEEP,Shows portfolio/reference; contribution/reference value; preserve unless a manual review finds it duplicated elsewhere.
redbox,https://github.com/Ibraheemolasupogit/redbox,Yes,https://github.com/i-dot-ai/redbox,2025-08-21T10:27:56Z,public,No obvious unique commits from public metadata,portfolio/reference,KEEP,Shows portfolio/reference value; preserve unless a manual review finds it duplicated elsewhere.
sagemaker-ml-workflow-with-apache-airflow,https://github.com/Ibraheemolasupogit/sagemaker-ml-workflow-with-apache-airflow,Yes,https://github.com/aws-samples/sagemaker-ml-workflow-with-apache-airflow,2025-07-09T11:33:24Z,public,No obvious unique commits from public metadata,portfolio/reference; learning; contribution/reference,KEEP,Shows portfolio/reference; learning; contribution/reference value; preserve unless a manual review finds it duplicated elsewhere.
Sagemaker-studio-lab-examples-,https://github.com/Ibraheemolasupogit/Sagemaker-studio-lab-examples-,Yes,https://github.com/aws/studio-lab-examples,2025-08-01T22:35:37Z,public,No obvious unique commits from public metadata,portfolio/reference; learning,KEEP,Shows portfolio/reference; learning value; preserve unless a manual review finds it duplicated elsewhere.
sample-amazon-redshift-MCP-server,https://github.com/Ibraheemolasupogit/sample-amazon-redshift-MCP-server,Yes,https://github.com/aws-samples/sample-amazon-redshift-MCP-server,2025-07-09T11:15:35Z,public,No obvious unique commits from public metadata,portfolio/reference; learning,KEEP,Shows portfolio/reference; learning value; preserve unless a manual review finds it duplicated elsewhere.
SC-401T00-Information-Security-Administrator,https://github.com/Ibraheemolasupogit/SC-401T00-Information-Security-Administrator,Yes,https://github.com/MicrosoftLearning/SC-401T00-Information-Security-Administrator,2025-11-03T09:15:03Z,public,No obvious unique commits from public metadata,portfolio/reference; learning,KEEP,Shows portfolio/reference; learning value; preserve unless a manual review finds it duplicated elsewhere.
SC-5008-Configure-and-manage-entitlement-with-Microsoft-Entra-ID,https://github.com/Ibraheemolasupogit/SC-5008-Configure-and-manage-entitlement-with-Microsoft-Entra-ID,Yes,https://github.com/MicrosoftLearning/SC-5008-Configure-and-manage-entitlement-with-Microsoft-Entra-ID,2025-08-26T08:37:53Z,public,No obvious unique commits from public metadata,portfolio/reference; learning,KEEP,Shows portfolio/reference; learning value; preserve unless a manual review finds it duplicated elsewhere.
SC-900-Microsoft-Security-Compliance-and-Identity-Fundamentals,https://github.com/Ibraheemolasupogit/SC-900-Microsoft-Security-Compliance-and-Identity-Fundamentals,Yes,https://github.com/MicrosoftLearning/SC-900-Microsoft-Security-Compliance-and-Identity-Fundamentals,2025-07-13T07:34:15Z,public,No obvious unique commits from public metadata,portfolio/reference; learning,KEEP,Shows portfolio/reference; learning value; preserve unless a manual review finds it duplicated elsewhere.
scikit-learn,https://github.com/Ibraheemolasupogit/scikit-learn,Yes,https://github.com/scikit-learn/scikit-learn,2025-08-13T12:08:02Z,public,Possible: fork branch has pushes at/after fork creation; could be user work or a sync,portfolio/reference; learning,KEEP,Shows portfolio/reference; learning value; preserve unless a manual review finds it duplicated elsewhere.
Secure-Azure-with-Microsoft-Defender-Cloud-Compliance-Controls,https://github.com/Ibraheemolasupogit/Secure-Azure-with-Microsoft-Defender-Cloud-Compliance-Controls,Yes,https://github.com/MicrosoftLearning/Secure-Azure-with-Microsoft-Defender-Cloud-Compliance-Controls,2025-11-03T07:40:40Z,public,No obvious unique commits from public metadata,portfolio/reference; learning,KEEP,Shows portfolio/reference; learning value; preserve unless a manual review finds it duplicated elsewhere.
Secure-storage-for-Azure-Files-and-Azure-Blob-Storage,https://github.com/Ibraheemolasupogit/Secure-storage-for-Azure-Files-and-Azure-Blob-Storage,Yes,https://github.com/MicrosoftLearning/Secure-storage-for-Azure-Files-and-Azure-Blob-Storage,2025-10-30T22:12:06Z,public,No obvious unique commits from public metadata,portfolio/reference,KEEP,Shows portfolio/reference value; preserve unless a manual review finds it duplicated elsewhere.
Security-Copilot,https://github.com/Ibraheemolasupogit/Security-Copilot,Yes,https://github.com/Azure/Security-Copilot,2025-07-22T15:02:07Z,public,No obvious unique commits from public metadata,portfolio/reference; learning,KEEP,Shows portfolio/reference; learning value; preserve unless a manual review finds it duplicated elsewhere.
sfquickstarts,https://github.com/Ibraheemolasupogit/sfquickstarts,Yes,https://github.com/Snowflake-Labs/sfquickstarts,2025-07-22T11:56:10Z,public,No obvious unique commits from public metadata,portfolio/reference,KEEP,Shows portfolio/reference value; preserve unless a manual review finds it duplicated elsewhere.
Simple-DevOps-Project,https://github.com/Ibraheemolasupogit/Simple-DevOps-Project,Yes,https://github.com/yankils/Simple-DevOps-Project,2025-08-04T08:18:36Z,public,No obvious unique commits from public metadata,portfolio/reference; learning,KEEP,Shows portfolio/reference; learning value; preserve unless a manual review finds it duplicated elsewhere.
skunkworks-adrenal-lesions-detection---computer-vision,https://github.com/Ibraheemolasupogit/skunkworks-adrenal-lesions-detection---computer-vision,Yes,https://github.com/nhsx/skunkworks-adrenal-lesions-detection,2025-08-05T13:25:55Z,public,No obvious unique commits from public metadata,portfolio/reference,KEEP,Shows portfolio/reference value; preserve unless a manual review finds it duplicated elsewhere.
skunkworks-ambulance-queueing-prediction,https://github.com/Ibraheemolasupogit/skunkworks-ambulance-queueing-prediction,Yes,https://github.com/nhsx/skunkworks-ambulance-queueing-prediction,2025-08-20T16:09:18Z,public,No obvious unique commits from public metadata,portfolio/reference,KEEP,Shows portfolio/reference value; preserve unless a manual review finds it duplicated elsewhere.
skunkworks-bed-allocation,https://github.com/Ibraheemolasupogit/skunkworks-bed-allocation,Yes,Unavailable,2025-08-21T11:09:30Z,public,No obvious unique commits from public metadata,portfolio/reference; learning,KEEP,Shows portfolio/reference; learning value; preserve unless a manual review finds it duplicated elsewhere.
skunkworks-ct-alignment-lesion-detection-Computer-vision,https://github.com/Ibraheemolasupogit/skunkworks-ct-alignment-lesion-detection-Computer-vision,Yes,https://github.com/nhsx/skunkworks-ct-alignment-lesion-detection,2025-08-05T13:26:32Z,public,No obvious unique commits from public metadata,portfolio/reference; learning,KEEP,Shows portfolio/reference; learning value; preserve unless a manual review finds it duplicated elsewhere.
skunkworks-data-lens,https://github.com/Ibraheemolasupogit/skunkworks-data-lens,Yes,https://github.com/nhsx/skunkworks-data-lens,2025-08-22T04:08:20Z,public,No obvious unique commits from public metadata,portfolio/reference; learning,KEEP,Shows portfolio/reference; learning value; preserve unless a manual review finds it duplicated elsewhere.
skunkworks-long-stayer-risk-stratification,https://github.com/Ibraheemolasupogit/skunkworks-long-stayer-risk-stratification,Yes,https://github.com/nhsx/skunkworks-long-stayer-risk-stratification,2025-08-04T11:32:36Z,public,No obvious unique commits from public metadata,portfolio/reference; learning,KEEP,Shows portfolio/reference; learning value; preserve unless a manual review finds it duplicated elsewhere.
skunkworks-long-stayer-risk-stratification-baseline,https://github.com/Ibraheemolasupogit/skunkworks-long-stayer-risk-stratification-baseline,Yes,https://github.com/nhsx/skunkworks-long-stayer-risk-stratification-baseline,2025-08-23T17:06:02Z,public,No obvious unique commits from public metadata,portfolio/reference,KEEP,Shows portfolio/reference value; preserve unless a manual review finds it duplicated elsewhere.
Smart-Change-Detection-in-Surveillance-Footage,https://github.com/Ibraheemolasupogit/Smart-Change-Detection-in-Surveillance-Footage,Yes,https://github.com/AISCIENCES/fundamentals-of-computer-vision-theory-projects-in-python,2025-08-17T22:16:44Z,public,Possible: fork branch has pushes at/after fork creation; could be user work or a sync,portfolio/reference,KEEP,Shows portfolio/reference value; preserve unless a manual review finds it duplicated elsewhere.
snowflake-schemachange,https://github.com/Ibraheemolasupogit/snowflake-schemachange,Yes,https://github.com/Snowflake-Labs/schemachange,2025-07-22T11:58:08Z,public,No obvious unique commits from public metadata,portfolio/reference,KEEP,Shows portfolio/reference value; preserve unless a manual review finds it duplicated elsewhere.
Snowflake-sfguide-getting-started-with-snowpark-for-machine-learning-on-azureml,https://github.com/Ibraheemolasupogit/Snowflake-sfguide-getting-started-with-snowpark-for-machine-learning-on-azureml,Yes,https://github.com/Snowflake-Labs/sfguide-getting-started-with-snowpark-for-machine-learning-on-azureml,2025-07-22T11:55:23Z,public,No obvious unique commits from public metadata,portfolio/reference,KEEP,Shows portfolio/reference value; preserve unless a manual review finds it duplicated elsewhere.
spaCy,https://github.com/Ibraheemolasupogit/spaCy,Yes,https://github.com/explosion/spaCy,2025-08-31T17:36:04Z,public,Possible: fork branch has pushes at/after fork creation; could be user work or a sync,portfolio/reference; contribution/reference,KEEP,Shows portfolio/reference; contribution/reference value; preserve unless a manual review finds it duplicated elsewhere.
spark,https://github.com/Ibraheemolasupogit/spark,Yes,https://github.com/Salimahtechy/spark,2025-08-07T16:03:01Z,public,Possible: fork branch has pushes at/after fork creation; could be user work or a sync,portfolio/reference; contribution/reference,KEEP,Shows portfolio/reference; contribution/reference value; preserve unless a manual review finds it duplicated elsewhere.
storm,https://github.com/Ibraheemolasupogit/storm,Yes,https://github.com/apache/storm,2025-08-21T00:24:19Z,public,No obvious unique commits from public metadata,portfolio/reference; contribution/reference,KEEP,Shows portfolio/reference; contribution/reference value; preserve unless a manual review finds it duplicated elsewhere.
Structural-Topic-Modelling-for-NHS-survey-datastm-survey-text,https://github.com/Ibraheemolasupogit/Structural-Topic-Modelling-for-NHS-survey-datastm-survey-text,Yes,https://github.com/nhsx/stm-survey-text,2025-07-01T11:01:31Z,public,No obvious unique commits from public metadata,portfolio/reference,KEEP,Shows portfolio/reference value; preserve unless a manual review finds it duplicated elsewhere.
terraform-databricks-lakehouse-blueprints,https://github.com/Ibraheemolasupogit/terraform-databricks-lakehouse-blueprints,Yes,https://github.com/databricks/terraform-databricks-lakehouse-blueprints,2025-08-22T21:42:00Z,public,No obvious unique commits from public metadata,portfolio/reference,KEEP,Shows portfolio/reference value; preserve unless a manual review finds it duplicated elsewhere.
terraform-provider-databricks,https://github.com/Ibraheemolasupogit/terraform-provider-databricks,Yes,https://github.com/databricks/terraform-provider-databricks,2025-08-16T19:32:22Z,public,Possible: fork branch has pushes at/after fork creation; could be user work or a sync,portfolio/reference,KEEP,Shows portfolio/reference value; preserve unless a manual review finds it duplicated elsewhere.
test-infra,https://github.com/Ibraheemolasupogit/test-infra,Yes,https://github.com/kubernetes/test-infra,2025-08-28T15:36:38Z,public,No obvious unique commits from public metadata,portfolio/reference; contribution/reference,KEEP,Shows portfolio/reference; contribution/reference value; preserve unless a manual review finds it duplicated elsewhere.
Titanic-Dataset-Prediction,https://github.com/Ibraheemolasupogit/Titanic-Dataset-Prediction,Yes,https://github.com/MaizeCobra/Titanic-Dataset-Prediction,2025-06-29T01:38:14Z,public,No obvious unique commits from public metadata,portfolio/reference,KEEP,Shows portfolio/reference value; preserve unless a manual review finds it duplicated elsewhere.
training-data-analyst,https://github.com/Ibraheemolasupogit/training-data-analyst,Yes,https://github.com/GoogleCloudPlatform/training-data-analyst,2025-08-27T17:29:09Z,public,No obvious unique commits from public metadata,portfolio/reference; learning,KEEP,Shows portfolio/reference; learning value; preserve unless a manual review finds it duplicated elsewhere.
transaction-fraud-detection,https://github.com/Ibraheemolasupogit/transaction-fraud-detection,Yes,https://github.com/juniorcl/transaction-fraud-detection,2025-09-01T04:28:57Z,public,No obvious unique commits from public metadata,portfolio/reference,KEEP,Shows portfolio/reference value; preserve unless a manual review finds it duplicated elsewhere.
transformers,https://github.com/Ibraheemolasupogit/transformers,Yes,https://github.com/huggingface/transformers,2025-08-17T22:17:32Z,public,Possible: fork branch has pushes at/after fork creation; could be user work or a sync,portfolio/reference; learning; contribution/reference,KEEP,Shows portfolio/reference; learning; contribution/reference value; preserve unless a manual review finds it duplicated elsewhere.
udemy-aws-de-labs,https://github.com/Ibraheemolasupogit/udemy-aws-de-labs,Yes,https://github.com/sidoncloud/udemy-aws-de-labs,2025-09-03T08:20:39Z,public,No obvious unique commits from public metadata,portfolio/reference; learning,KEEP,Shows portfolio/reference; learning value; preserve unless a manual review finds it duplicated elsewhere.
using-bedrock-guardrails-with-bedrock-agents-to-improve-adversarial-robustness,https://github.com/Ibraheemolasupogit/using-bedrock-guardrails-with-bedrock-agents-to-improve-adversarial-robustness,Yes,https://github.com/aws-samples/using-bedrock-guardrails-with-bedrock-agents-to-improve-adversarial-robustness,2025-07-20T07:46:09Z,public,No obvious unique commits from public metadata,portfolio/reference,KEEP,Shows portfolio/reference value; preserve unless a manual review finds it duplicated elsewhere.
vertex-ai-creative-studio,https://github.com/Ibraheemolasupogit/vertex-ai-creative-studio,Yes,https://github.com/GoogleCloudPlatform/vertex-ai-creative-studio,2025-08-03T20:01:10Z,public,Possible: fork branch has pushes at/after fork creation; could be user work or a sync,portfolio/reference; learning,KEEP,Shows portfolio/reference; learning value; preserve unless a manual review finds it duplicated elsewhere.
vertex-ai-samples,https://github.com/Ibraheemolasupogit/vertex-ai-samples,Yes,https://github.com/GoogleCloudPlatform/vertex-ai-samples,2025-07-18T15:05:45Z,public,No obvious unique commits from public metadata,portfolio/reference; learning,KEEP,Shows portfolio/reference; learning value; preserve unless a manual review finds it duplicated elsewhere.
Vision-Language-Models-Overview,https://github.com/Ibraheemolasupogit/Vision-Language-Models-Overview,Yes,https://github.com/zli12321/Vision-Language-Models-Overview,2025-08-13T10:38:51Z,public,Possible: fork branch has pushes at/after fork creation; could be user work or a sync,portfolio/reference,KEEP,Shows portfolio/reference value; preserve unless a manual review finds it duplicated elsewhere.
Vue.js-core,https://github.com/Ibraheemolasupogit/Vue.js-core,Yes,https://github.com/vuejs/core,2025-06-29T10:41:11Z,public,No obvious unique commits from public metadata,portfolio/reference; contribution/reference,KEEP,Shows portfolio/reference; contribution/reference value; preserve unless a manual review finds it duplicated elsewhere.
website,https://github.com/Ibraheemolasupogit/website,Yes,https://github.com/kubernetes/website,2025-08-28T15:36:07Z,public,Possible: fork branch has pushes at/after fork creation; could be user work or a sync,portfolio/reference; contribution/reference,KEEP,Shows portfolio/reference; contribution/reference value; preserve unless a manual review finds it duplicated elsewhere.
whylogs,https://github.com/Ibraheemolasupogit/whylogs,Yes,https://github.com/whylabs/whylogs,2025-08-08T17:41:10Z,public,No obvious unique commits from public metadata,portfolio/reference; contribution/reference,KEEP,Shows portfolio/reference; contribution/reference value; preserve unless a manual review finds it duplicated elsewhere.
